Sequence_1,Sequence_2,Sequence_3,Sequence_4,Sequence_5,Sequence_6,Sequence_7,Sequence_8
337.059809026546,284.28806965446194,296.9459944081598,325.395915392495,353.1827399807909,330.3273490235282,288.5454598756181,318.94821407011256
343.31610696032317,283.84823941279905,296.6606401896741,326.96822540870943,349.4090186565594,344.7766013609467,288.1473380893442,333.9698428925237
330.6789433043593,291.9951942251914,307.04487206718863,320.25775426507636,351.4455134294964,341.9232450581508,287.7553905136008,325.3382661346073
331.53110851163416,303.5547034432591,311.71126957397695,314.04163058205484,354.6283990724141,358.16841597092724,296.95705791110265,320.2796016823622
337.4670030871324,320.62227567514776,312.2667034075693,309.82595594064685,345.7421721766941,366.93461106433335,293.5876106269544,314.18184180806475
345.5357227970748,329.22681215895636,314.7814449824867,291.8189979191981,335.71005909484546,357.8123105763378,276.68725237480123,317.98086158075847
354.88360338162596,339.5106639796163,314.2446571705548,288.94965839170806,328.17134735963253,351.556510036928,265.59426043984195,327.99421998830786
347.21666802116016,347.3339083851584,320.4995349508529,299.4224673093374,326.9024443844253,342.64972855124694,270.1192877994444,332.4953390915522
345.0330396268157,351.2353451832268,320.8172587476202,305.86220572378596,326.29415807602237,335.4493159204118,277.74797787036374,316.893851090372
342.7814431428166,335.0086286428495,317.3077162437687,318.77505064750886,350.25222642208024,331.35927299012064,273.43996459748416,319.93519034956773
340.7958276498263,320.96350007835343,310.3534040276403,318.17395245409614,361.67254000036485,338.6392351805433,265.558599261728,319.3301086310789
332.98908487621884,305.3223062047631,286.57074020798007,331.8814980724886,365.0164258295651,342.27110192063014,273.59760860128114,320.773756419383
328.55296730778355,304.9922616380566,281.4362457417692,341.70639395116393,362.048549224598,342.0170840530486,271.374170122522,322.1724845631135
323.7767436922417,301.813261137949,308.14947270878463,339.8640913939639,347.839670222037,348.3637976064718,289.52051662470444,323.84625331576416
335.38750732367976,305.94658694121614,310.8593042452174,330.529382608484,355.2293699965755,344.64484181207365,295.3098371540777,321.84572078249954
333.7817634429239,315.3154613448378,302.8634013251917,321.0362986909593,355.198644827829,359.7991284638097,285.88871790039065,311.8892098711819
339.80802347000576,315.42107407010275,315.53581817959065,318.0260747687289,345.7421876486898,360.28621611189106,292.9076222632087,309.90597711373084
345.5360189742362,330.9131465289657,315.91399587972114,307.20055631522405,334.0400583499738,360.9814874419673,282.33708260746823,319.07361208270083
351.29438921341153,341.4529808096715,315.33411439598024,299.1309504295937,329.2148362413089,354.22967238516674,275.15856744136784,329.7414807100364
352.1947918607961,347.5015709815949,320.48674695873257,297.2691307565812,333.5406594285846,348.21030680640644,282.5429480508309,324.3405843429623
345.8624695951647,349.46378660345096,326.579766168737,301.53562406778576,333.9183442253335,341.7514444587199,292.89424939585166,318.10860928595423
344.601650134792,333.6407458171077,323.00042378694843,316.818157075905,360.32914694724633,344.58194906651,280.78605380550283,320.3762487772161
343.69018087139284,320.905693290208,309.3467985113516,311.02414923451926,358.4365472242663,349.90185588219254,266.1710452064748,314.0307535511708
345.333269755478,316.5008926580652,299.07126481584794,317.57566155093093,359.4078801857063,351.56097604292046,283.5212894293504,319.0642932512165
333.2227205010019,304.5777922093159,295.12834329915074,325.9666375923717,354.05597413977864,358.30111380717636,283.39674616797,323.33367091029567
336.54967129652505,294.3002420054581,306.3319184131996,328.2808956705066,346.8238861171015,359.6412313277453,290.67679099545853,329.79423774194333
328.05179496739214,292.1648347406944,311.55766316557555,324.42324802023336,352.15628408525765,367.3233061397529,293.04079647015226,334.3476732890149
342.00868698587584,299.6619667750574,315.18278123303884,318.65891773757085,346.7731082456601,376.7006998271067,291.4169251097941,347.9020749169231
347.5293838203217,308.9115805474641,312.09762575727655,312.1590343950573,341.56080757051313,380.0884903224001,286.11808349381306,309.4366430039902
353.3092769729329,327.99090854136773,318.62564505910007,308.9172209216465,337.70896324661504,369.6980085589815,261.72321970709345,317.80552185877957
362.1105261568898,345.06846805121955,319.649414167458,305.43827712867284,325.70702141589726,363.8656144718156,248.67860437251227,333.4293935162482
360.5593408404226,366.17892536579035,333.2149423030979,302.0399818918064,326.66935938003877,351.0889017222704,252.11388933470332,334.51572987992967
359.98177254805427,349.4944972105716,333.920626815115,310.2191610852671,330.73519627557147,339.2919414521158,270.1283748241313,321.9506635634981
359.36255071875075,326.0564911293719,325.1113843240025,318.24822710013876,355.25580575789326,334.34048861253984,261.1403534162263,324.2122432019601
353.54735546332404,312.3241687873599,319.07164230927197,327.84300610189683,368.4244060987692,341.35048170066426,265.24925225943406,318.3687885485832
351.94259719347247,301.71839907694596,301.78892908294364,334.0507743916994,361.1117484380109,344.9445408224111,280.38251028551775,320.8773104257862
347.69670706500705,296.32310593292283,298.94587061387926,339.8102870875084,357.00108058489354,346.39761382145656,292.92700559853574,322.82874931272016
346.63255030412995,299.95926966702064,309.64361903464913,344.95228714852726,360.95521408889164,333.5251438106098,293.09602665388263,330.0950046441362
345.6939586369189,298.5786889473504,295.4518226851874,339.5528780372762,359.47569983414246,349.0537677295688,311.40068523557125,350.32905395046805
350.38239297677467,310.98185130874765,302.1697331558945,332.8701668061418,358.88321349909563,382.3521725067292,312.8622202741298,331.41344138952064
352.33699984899965,316.93413530481115,313.610326472248,328.5428296123653,355.71870204261324,359.8568320488923,295.1134905062416,348.67575267743376
354.9117062643526,343.2619858386806,310.3596254523944,320.9293507186517,343.4576224203429,360.7888853036205,282.29369298061624,317.76404330594687
363.02596675608623,358.7103017065331,315.8598529075208,320.1679861101131,338.8250227436198,355.0903895638952,271.5194353511135,338.10911619993533
359.5889412403212,356.8728362648335,316.5001263366093,320.455736157318,332.9947698923592,346.9280136445805,236.86207385275176,335.3667606820706
353.4132283614634,352.23037095393016,318.673746120655,323.3622984459157,344.40991939250284,332.8632778265702,289.50435443045495,322.12825968738906
359.777554823331,341.5951659197954,320.8926796165631,323.6032337105666,356.2412274735307,324.9026178012682,282.765261133106,307.97887884008304
357.6556339569558,330.48979216687286,315.18062710408003,335.37023748979624,366.07262350548564,333.24361059932863,280.4040954993206,323.89514890901694
351.7895142460845,321.3575601275374,300.577110503153,344.2035195337002,355.54255643039494,351.0021711724964,287.8604714826309,320.2860192449865
344.843649277616,319.1783638563486,302.7779137192006,345.50014969886985,356.48763677193546,358.39594449927034,299.8497024670888,334.08145988801505
345.5168041487682,310.3664981046331,309.5105274957619,344.83730339058667,349.08816977539135,356.0642823748501,313.54969430537574,336.81574679621696
345.75289376131286,315.10518748398226,315.46483984439556,339.8495105264478,350.569568478457,388.8145865449054,309.28563734200685,320.0740168979041
357.52206296571126,319.807917161377,308.57573771799184,330.603514461447,359.8221255763083,400.34366586822404,308.4381894294031,318.3284321092238
354.20552895346657,331.4691252463048,323.2315899191317,325.66934766333145,350.9578534867253,390.87337461384135,292.6687229933404,292.5410906804792
358.6232380393337,341.6595079780401,318.9151608559533,318.65940282001986,342.72757252920394,384.91041697760494,269.4117759620188,284.4612578036197
367.1836963979845,353.9589776630008,325.47636154108847,316.915656079141,336.48034844399126,369.1578073353226,266.0734952344606,330.76876716139424
368.39780519387386,353.7551416840979,330.38965001830496,314.04229553795585,330.8155706004331,366.99616705013875,294.5173466410237,340.3367584531521
355.51297715016386,352.8709025868149,328.7173207669739,313.3785606673277,338.4693979137916,344.5629182976782,295.7868315054832,313.4505772462568
356.80613753824673,335.5946164439941,330.14606475393487,316.5811100276478,353.0964978912787,339.0261840279495,272.8946796603995,315.3629192808964
350.65894806910626,319.1831918259666,309.5550957344644,321.0221923501244,364.85610841619797,342.59858881362095,269.8019104587293,319.80634418212003
347.227768260023,314.50225343038466,313.08703366799136,328.62481795175256,358.78480001487696,352.31374918771627,280.0313975574244,319.4084620029082
348.37100044493826,310.80814235150484,303.46233444166035,328.69684775282934,352.9120155455317,360.8461932748716,289.09181722741005,324.0447783564832
352.3385772003818,311.5295563237235,312.7688817515378,331.5734754798557,357.06286558901786,367.7217860776374,306.93433690232604,333.1530586877925
350.35307831141364,315.93465909335714,319.42531129428437,329.10186179400046,355.7170451287908,370.82769490765844,306.09704377499634,347.1721823932995
353.0611828117468,316.41266590887005,316.18956184703103,319.6231428769477,360.84706853684486,383.95729421711656,308.7260996062015,335.5601184747699
353.36241302993915,323.964354612813,322.0364158509143,317.1333186895258,355.9840764798121,391.8038247193462,289.95391355422936,325.11705545351685
355.38656444820225,339.6031821488748,320.499327334346,312.774545974094,343.875055346663,367.1671875576228,256.6317983954755,318.11936712764594
366.1246328299875,351.79728666049084,325.5439919896216,305.7369860012564,331.39550739313745,373.4503913458636,277.91677131072265,323.3083391628842
362.93971516396124,353.3405440899018,325.9086580465033,301.832231159006,327.150856623364,366.2867472845172,275.15641222693085,343.95676760313506
356.31289859306105,360.9368445970311,331.83959333187136,304.98121141958643,328.91562019356627,349.2363335192944,298.9484201066408,324.8178339633862
353.83534633345744,348.318630294111,329.45403302507606,308.9411815527494,343.67131089693476,353.41163580133076,294.1950173066196,308.2707446656215
353.9745782329169,323.21097294276876,324.8316419808474,323.54613390858896,360.5847381452925,346.42216541641596,274.41949658198376,315.92575468627894
346.7967970947429,317.7177752236944,310.30812723254155,330.4002629695399,365.4339295383698,360.14909597575087,295.77767594205187,321.7517891433495
343.50301784902115,306.00130292146247,307.26410438446925,332.7668227555201,355.2146982848559,379.77665962197875,311.4723188160329,325.0724566880035
340.4650905483312,306.32337285639187,301.9525271998917,332.9050923760724,351.1230172860175,362.7361397965757,312.8965496814858,330.02138816692974
343.58179711241877,309.80762630204595,307.6830500458983,329.1120147276169,356.1453760090019,379.9780085586369,311.628686759336,332.257409802275
343.99766046509444,323.69250632791295,319.85892570338723,319.72790796090106,357.77414587198103,404.60647018577737,311.56581067806104,337.4351684072062
349.01418589322117,331.71958846702245,315.46229960978735,312.7568177891476,349.9446715262279,411.87465588744203,282.8711442043872,329.87142484669874
350.7969162425768,348.6960267439632,317.1480572023909,310.04446236508915,337.93797187997575,383.8368364063826,275.903473399854,330.312620312569
358.2458690588547,367.0373872359296,323.86044034444217,310.76421480550135,336.59919013215796,382.59415975880717,289.48317209509685,348.32342480524443
356.59134107551336,364.3721000471657,327.98710737337365,314.20838142960076,334.78893322302315,361.48041354036604,273.3339077327497,342.26686144385803
345.0020485389353,366.2479765996573,334.31156805268137,311.35197921843826,334.5101624196219,349.53008782149084,277.3805606795261,344.62152318342106
338.1410085653834,337.93723454082465,330.88173936798756,311.25379858039116,349.54790218740715,354.002157893815,266.57833986565373,321.59952352572867
340.76499455950864,325.3520655902734,317.5063927149435,316.283820862986,367.4551115408517,342.5793506337878,277.7147157074289,321.51081825938013
335.21483194481925,314.2255635044944,320.7478131195179,329.97704481684906,368.9382025893962,354.99701189831933,294.10784583994064,327.07357143324
330.4007628865613,305.72498571201663,309.7862300950756,332.6517228213273,356.05600456390505,365.32780862188577,298.25111991124027,331.6216805042745
333.4106665949739,304.23540034095765,312.8164119168466,339.68954472147806,357.0213536592002,354.91723537085727,299.0138580069496,334.47570677550453
333.31171063848274,312.2036622745957,313.7342985968716,335.8092411922685,358.54458885855007,359.141479629005,304.69765354961254,335.48392399129654
335.0105217424419,318.970432949951,315.98766053889386,325.747467449532,356.1432549747657,370.7410487477007,304.97969597238676,320.00544662810853
336.025926674813,322.54240434732446,317.66037143523334,323.5032228990762,355.6214547958512,371.1810567786344,267.3213426612665,320.3667162595689
339.76538953622855,344.03074528761897,323.01565551321914,312.09518579876266,345.17087633569884,351.8438550501359,271.00984059670475,311.9993281403596
350.0388016111677,364.7304949159471,322.7096544788785,310.22649492185275,339.78448154315254,344.0142258775622,256.42959521935325,352.0412061073894
358.3368815186746,359.0919997546138,330.310050791134,313.7058208398099,331.3053358729673,337.7906930380536,258.48487221206386,359.9954726318256
351.8002258649685,360.7618415881647,337.641876483556,313.27836642508146,348.2412742065922,328.77179063266436,287.4562990973413,330.6926428822356
350.5259785820863,340.90498877313433,332.0136387850965,316.54863522250537,352.1373722577551,335.17012015205023,241.75603694020444,315.26736266802425
346.4486913836455,319.7477651900415,323.62441276613634,329.3522363915448,360.10033371613275,337.18695358883804,275.6241927739406,329.3285052752251
344.0183517018309,311.5011144129116,305.75221277751,334.12804196879085,356.76120220143815,344.10690340081163,279.53233136460943,327.6666653765725
332.0487984582813,302.1338990540565,309.86756189200815,333.89211021367305,352.5932783253104,357.0048157861238,279.21110250448584,331.6395656198561
335.0923278282076,306.3189440881317,306.7736635652278,331.32149306695396,352.29002189919464,352.27567416515654,294.0880552791882,333.8561175320017
340.6344602865125,326.1099574826014,313.4703417097987,331.05693522130895,360.47610130725616,352.25311156090476,295.1188876495961,333.26552148854853
342.66580472021536,346.6136336921563,313.60478291217896,321.685550191213,348.0292364853346,373.7019122265769,293.7986140648664,323.8127395781872
344.4091666754772,355.5486585741224,316.9103608113718,318.73772993361797,350.78632599111177,369.8297156463835,301.68924161120566,321.2678328098314
342.8117320217926,372.51759317913695,321.8150827483128,316.00955929977187,344.56271219306797,357.1056514904148,261.32127070090826,320.3016037054049
351.69812790378194,370.0549269695407,320.41519376068305,315.4865507068596,335.6206738006872,348.61239078139664,259.1118375695006,348.9686683257609
351.38895495219947,373.57858551191816,330.353183007784,309.9529246529432,335.27873142979837,342.5387350910131,255.11388856946556,359.7520795166701
346.2476582265307,370.9443346977212,332.1556313065765,312.0491686104106,342.01917901154576,339.41892195446997,247.48309110278782,340.07896673760433
351.4793566291825,349.09541870127026,331.6247226398947,315.04217105759,349.07047883656725,336.73366762454515,237.75144178343237,320.9119076771731
353.76620804553176,332.80421258364026,330.16413153537206,327.4953999381861,365.10643790859706,337.0518812394904,256.85540180492444,317.7206679941198
352.7651095046314,321.1606389653071,319.3320685944852,334.6114259536904,360.6021674381306,357.3242752543751,301.2534460969149,329.7191660814842
355.4646371043406,318.31106676826613,304.938639032357,342.62148229354426,354.5140242635036,366.5333649458489,297.95649212865334,334.6501212346128
356.72100885238524,317.92078547279067,318.01882518926396,347.34186131204376,358.5217825943624,365.8575965240168,293.506714251579,349.2453721059459
358.99169218770703,322.3826938146931,315.42014764326274,344.03073394503843,360.7902616456489,380.7965072691255,280.95537130202933,394.0026939003322
355.2830412430427,330.1289701455976,313.5017823157613,330.80459627065494,357.13618437240564,386.13156710289644,295.79846597237554,365.3701794075145
352.242965509346,339.57385617957686,320.09376658507273,322.69941204965204,353.9154615884367,391.9141516647452,300.9656687922336,332.72563028942477
351.9225181519003,352.38407186452224,326.2619937926896,315.3942179435399,342.89598498466376,362.03276116959853,267.14908820082127,319.86513869844134
357.0111421722941,360.26396629289127,326.51902006492094,319.30791930946793,337.2487352144708,350.5883627164302,272.09366613287733,342.4914679144059
362.1665750799041,369.1879905808437,330.4383312700196,319.12800276022887,332.20854175447784,341.4669394817614,262.3387199551861,331.1021683092422
367.99913397716574,369.66448836064836,330.7855111500018,321.0298373735311,338.81874231440275,346.29641222211046,271.41480219721956,329.5310382106914
373.7606549244531,352.1821713114215,330.3721504252858,312.63175551678626,348.5786242120993,350.07266821367233,261.5376619493386,309.3767822202556
373.6684244411686,336.3996573484851,326.0354817042439,329.87702894032265,370.8296400534397,357.1005660621177,284.2859704858926,337.76211344999984
362.65108106815387,332.51316638401505,311.9186071572171,332.1944351874951,374.8623983486599,363.4288666421577,280.51166002444563,334.72507507572556
358.36591569805114,325.8528202892381,317.12712001266834,339.92726065509555,365.8392071621623,368.03205117773564,282.53544333762716,332.86258115394037
357.1048772394698,321.8156175488469,318.42906846106536,343.2200607970541,361.286856489155,369.0215228307236,281.86525244956755,328.24638834851794
357.5802775539612,319.86697086209335,318.9257277422425,338.2665951866679,362.1037856599217,382.32520524107287,284.0881131656835,335.50657200369824
355.34025912717556,328.54622996272195,321.7637572392795,333.6730620198808,368.0336508523986,398.98323565696523,287.2028653147894,315.341060224835
358.756057238764,333.0155137879715,318.89450367568895,320.2929253544777,361.4110123375466,389.01538104360196,291.2551919274216,326.84441345632126
362.65246576009326,360.4125006181145,319.23390456027306,317.00897098921524,354.23755217011325,386.7828993728354,258.68127701992375,327.5221790891272
377.1840011815982,375.28980480848685,332.881812994596,313.1284470743787,343.8342687825222,375.5955227716271,255.66881057697094,331.43477414514575
365.7949995312524,369.50605401591224,336.19877852582215,311.85248810595857,340.83314579536165,365.89298695042015,245.77717442662134,353.0987894208833
367.03697254810794,369.16205257051945,336.2956595976169,311.3517700618339,350.591082108498,356.23213710108,269.27686994898966,346.3891990552343
366.7282679800116,353.82370735943414,330.9411684171612,323.67623710339603,364.7274543714723,350.23385761637957,265.5655972451492,329.887452643841
369.16558725941593,337.9487372557472,327.63205862883495,331.0637290883176,379.93973791640326,344.21352771949773,277.24810427636265,330.2655713304783
366.07729969233026,326.8039986598011,313.30435435194335,343.0357799568345,376.0293969887412,351.29112100606386,277.5582490656018,328.1979581365625
359.9839219385161,321.1072733381566,301.08335082948736,344.3478011378381,377.1233330615868,347.492786712404,287.01460393674904,332.0049720691375
357.03573496608215,315.0909890344701,316.5965432444819,348.8212344717087,369.9010387071865,349.86939934792315,283.41976354461565,349.8926513954862
356.3387346536243,324.27984601772334,325.5751838566794,347.14935441326645,367.6117239651861,375.4413014201294,281.60312051640886,349.6209037701557
360.9622872014143,337.8439103517605,324.2163397227666,334.49062965224306,365.12347223038154,401.92927413949957,284.1527744453724,344.1633874530042
360.78768556724253,347.0209013796252,323.07089919568426,323.08218589800845,368.5238716027519,397.7187631112723,285.7597945822478,331.18411280885937
361.82988400074345,361.720232462719,328.2114820270361,314.7319596547537,353.6991673975673,396.5602967219357,258.5585335686577,333.04252156526053
365.385692709495,370.46477306806,334.1217812893136,309.43731299111425,346.4070681441106,386.14411795282325,281.1721309153487,346.6141533141523
354.6471938852621,370.85562254031186,340.42635560109966,311.47812765367013,344.05462877087484,358.71378371466716,277.9038931927805,350.63059293375534
347.51095958556937,373.39085966830015,334.57066582616164,311.5980566508108,350.84269480503514,350.1358907764674,273.7441345871848,334.58501744502246
357.202959434519,351.0636370500803,336.8282775217853,317.7154531392818,364.70036421142845,353.1926559102578,269.7660818635534,329.0237242508396
359.49203225658607,326.17825329979917,331.6313054097538,332.8736048892645,367.24487124454646,366.2352058152984,280.1682694208087,338.8013790250574
352.0250857234134,316.06102187282767,319.3158472693078,341.3509352144739,373.0588534294863,374.58924454370714,293.98383440886914,332.4139863069899
344.5398764291323,310.46067833671646,311.86165549081244,339.5252738386186,357.3877232814563,385.1727309606509,295.4041430821202,333.648450369597
350.335695522447,317.0975267358981,332.0559430926013,343.89622361731205,356.77579830863993,370.8910885175896,294.9846752486025,347.1326881402657
355.4014702410253,324.9765055030024,333.14304354312344,343.4543303677354,358.12471169560655,369.4267235900767,301.0463010739094,349.4799698789455
355.0231356891109,326.42904632800787,330.8250017918947,325.39073054813105,357.8886503979375,385.3411924578809,302.6587080439297,336.2507927825151
361.28569549176154,333.2953368271216,327.9366659867604,320.1567279411536,353.97238556270344,383.2691367437917,300.07541824887124,332.4608558893866
369.06746473726525,365.79843677663945,330.4250079651753,316.97735544831494,348.9946253093745,382.5742203985991,270.99063507892885,316.20670737659736
383.60258118584915,373.37648032016,332.8971653455785,318.7003698323486,343.2371798846295,377.0928348723039,262.76468410953197,334.08352822859655
381.15546020739464,378.1499196903787,335.07906827942065,319.7690338992791,338.42929915912924,361.5512599691755,261.8888977801481,348.1123730170404
372.71782572572033,373.39304223597486,337.75117447284737,318.7021834502484,346.67851947066066,345.9249694791752,281.816963590118,326.68376170110895
370.3198793344394,356.2863026214332,336.70077591808104,320.05495517270396,360.70031941811044,342.5628068582909,286.48664130667817,316.93025931161066
362.0255721802313,335.15575873225384,332.3488488931201,334.71765742564185,372.68750511651467,362.3031408478408,288.2964322503421,329.9166440281932
351.22365246983645,317.9913759652767,317.1030928094965,362.6060781465211,394.7863764485069,367.21751621272176,287.4645042591927,327.89723151205544
345.97098726532147,314.849527988902,317.59214691675123,354.38855708685895,371.2785113363204,362.0010304730993,315.87752300911825,333.93116269247525
335.920478590563,312.3396280693386,326.9829868503176,354.7081603667885,375.6557387464553,352.30218026016246,326.3676947761246,346.72917481377516
337.78084670519087,317.64151177943046,333.07518808160575,346.4940274798377,374.09114464051663,365.7437829549765,317.8342167043075,355.04586052160283
337.94822579921595,321.9380871930502,333.0266661378748,339.02909674638516,378.598228241577,368.0852064182439,322.0814670980544,337.44635625792347
341.8180094520714,334.50800827690045,331.4839277604647,337.22237827504165,372.4447142791119,367.8071130517674,325.6909389300185,333.49509843036145
346.7029084648077,354.2085229140706,338.18477232111604,321.3718291633034,367.8585230451699,357.6329913064265,256.88579271085604,334.44423859905504
363.4589237114997,365.97033537055995,336.92996124930477,319.07964246011187,357.6386016213592,345.964526939523,280.71341423565127,341.9432359016654
366.40587843873726,364.56174491830836,341.4459391019807,320.28155549981534,357.76937978003247,347.1932015915488,270.76138205256177,358.46457731182
354.9940567548224,370.665993799085,338.4492873527879,324.4664644480644,362.48926665590363,331.2822313549267,308.06985486575303,354.52827039747467
352.23071254366147,368.7236972404874,338.1017440326167,325.454056769104,365.7397587001193,326.4507037109661,276.0586310717126,339.3378724913608
354.12957727236255,341.76833341234004,342.2010772468392,331.827352275209,376.20955016965905,339.8135163834134,302.68338036869676,333.83562844240646
353.90863447088805,331.9572799019032,324.93451712126557,331.86824687085203,361.8009719039843,346.2929944693159,324.69141615301464,336.57328311343286
358.4781371686423,326.4062157352555,327.657743664214,334.2094109612821,360.0776418272127,360.12600579806684,334.28305011944707,331.20721975510503
354.05753051243454,328.5065044480654,345.4323519712032,333.5336875858966,362.1970445646304,354.0988639182308,325.6331355952018,340.229234284293
353.9695938282872,329.3391636834496,346.87438632652356,331.52686114926644,370.3030239318822,394.06447928226004,331.12235079183,335.3513306874308
357.46223743439185,332.16705570865787,338.13382156582344,328.60349024368276,372.3870810536584,387.0775866452507,328.9921769931163,324.76093007182646
363.7519373825944,334.1992525121377,336.81765869275915,318.59245326745804,363.79643007081387,379.37569636141285,328.74924486018006,330.5432052993847
367.2073290624352,348.0703234993347,335.40072249295275,313.42501404696765,347.6235926253106,371.64759743035114,315.74195723935685,327.69042788264846
379.0950564014581,360.84749040602895,340.14449233045156,313.8980615416925,341.7897602154634,365.89529820146856,285.44865825040574,349.9024043380826
374.3349217579062,371.01677950920407,343.3315225271246,308.0346252794204,336.5965664341472,360.9304012324114,263.14352861011395,354.9488354958547
367.1290113592391,374.15335172071156,342.85680415916,318.3747892628062,349.6793162964542,340.811806564573,313.2321980071095,337.1957148820053
365.007578101575,362.8811093050244,338.8862743680273,326.4881424234007,367.5626200748279,349.0572981746697,311.3874477454111,318.2121793171282
362.36972791604103,341.54490361350355,336.70957092249085,332.61623716750057,373.6931739222587,355.43821774028436,318.11132329617834,325.12218182381747
353.5113588177128,332.0820075935513,324.71961528079567,340.4030809322531,377.25233459260045,373.57948342470667,328.3788211565649,323.2660618426502
356.0015682225522,332.0239873012975,310.8592862466325,342.9323415363379,370.7421944330962,377.8143590223897,333.5558208397595,334.1319336390976
358.4750504854205,334.7261327940444,335.22796916114254,348.833503802584,371.548871440666,377.878256507807,336.46476091372887,345.17735727394273
358.9309401358228,336.2415559933033,339.6038327679907,343.3477293362163,366.36467442691645,399.33865524924653,336.1836481068042,349.1038608450754
363.4023550674951,344.9438220427467,339.9833863546114,331.1700327988834,374.87568771881973,421.7348227985629,331.6640726685282,335.0602596187696
365.803302544618,349.77863767619556,334.85350102745156,328.0562436873821,371.4970623068102,418.4191692610057,326.0094017503836,335.7584415348074
368.4588890059933,360.7721318400536,333.6821014632401,317.81152143102236,351.68701459041256,391.7915331548132,305.41221187759214,335.1467607707178
376.54138554773965,365.9547957631536,342.98377130401144,313.0763436361297,341.44790076039993,368.27428497317493,282.2967885232636,366.0039126013555
371.5607240993894,369.90636133763684,348.1725961178937,313.69129500703576,345.26029247106356,355.6593843129693,306.08146108579945,381.70622735801555
366.3387635335813,370.6185071904529,347.090331034336,318.8607468459536,362.68280938086673,354.0115981282014,308.9675806675072,384.70305532139383
366.1264760591542,352.6465576198633,337.4980083236469,331.6553742450556,376.1976891972094,358.8930150735115,295.66977572921957,352.1450934050972
365.86875352297056,340.19968570564896,334.98348010634436,338.2529910727055,404.2114519813985,378.03831080550407,308.03518502296265,341.8054080971826
362.53473492746633,332.9071770700786,322.264277905462,351.77513819955146,378.423746935064,378.1049652103739,328.8031605244767,338.2337461799495
361.83884003364795,333.7607968970343,331.1202257188864,356.43762396598987,372.5320871097186,399.36809143275065,332.1551250880524,337.5997054530335
366.8287894769901,331.20308053820935,331.585870366919,361.4165894402349,370.98599511600094,407.82170400375065,337.82865186777497,342.044077958712
359.86692899510973,331.0077448892018,331.06433628698716,356.40100799637855,376.30661842938815,410.11132977645565,334.32055048205956,339.60855166753663
362.49529161895043,331.81099362349994,337.157614829986,344.8568641718886,369.73492297780035,415.64276279164,342.91492119189445,338.79058291472876
367.2021521272983,341.848026525253,337.92904198820094,327.6425946438547,363.3261733371587,428.9658699568508,336.9831708335433,322.1667446802193
371.5365678562374,354.8057851624959,339.1943615662726,323.25942856529326,350.7221702338664,398.0054694809458,295.3619742173753,352.2752382212641
381.73230715758024,368.2784939921159,351.4807209766699,314.8821217962289,349.98090587809736,381.21245062283214,301.0760016375652,351.25508525087895
379.7429520864555,366.8738107606779,351.1217659957454,319.00154976582303,341.8311284367545,367.2471682165956,308.5616689337917,362.3803876435044
371.75402890088606,368.90136980081115,346.440477230636,319.8862494975752,356.4323266150067,365.0953843805862,311.23541623619826,364.94677379889515
368.82179046763656,361.3138602822984,345.7091834750571,330.777109895353,365.4713000810198,364.4821886126197,278.1631043124263,343.41331615834423
364.4057741648066,347.1065613562534,338.8800521470111,342.64021141704586,391.81987427050586,369.5903961230466,316.0490848495595,339.49262991012654
358.946717333346,334.19899437535605,314.3435367640805,347.840122515713,388.1347355991556,374.69263661032363,317.5179311901649,341.85983761734246
349.6945467143854,331.68566835024274,325.3810824541185,342.08710479375503,379.9783364731094,381.44345953775485,309.5197171344326,340.6660210959083
357.8139951459634,331.41439452978074,334.6306266633334,341.7481777084933,374.1907165027452,388.1519592018393,299.5819699843523,346.77668575826647
361.07883775649003,328.670675427142,338.9817667653041,334.3485029285761,378.2633480617543,389.5936239812134,299.18709585055,344.69891903871377
369.01325468429064,329.83791782880957,335.090281821596,333.1656764640711,383.1942281476995,415.5877426057602,324.64574445017325,340.0543946841947
381.40077234440463,342.16808141219013,329.543466207066,332.5448564100007,362.6698565749742,410.98153767211323,318.10968870763446,339.2349269251131
381.54320392617484,364.13112529677676,337.0400791072799,321.92376944620014,357.1407978714076,402.26442471506965,296.53603121599923,346.50886990471344
391.4214722454152,379.53432182287645,354.9130638350469,321.97348042103397,347.7301777084099,382.5336028657528,300.7581395323556,379.2369812277431
384.6745226810928,382.99437378688935,353.0963718627618,323.8172690479099,349.0571001510566,374.14720499023275,311.50153277749143,371.61816365127953
367.8703855896612,379.7438433565078,347.73535756549063,326.56720228743893,355.7288620852516,361.6071330124995,319.17522841311853,369.87496642426265
371.9743599344766,362.49318864346435,347.3276723335269,335.43302646002707,368.86352671295145,343.74794594128485,323.32301693682666,345.572139044054
356.58305154974295,346.7923476284127,345.6800722760373,342.19706101320116,385.54836789951514,350.4737969941029,325.6189899422857,347.306038999471
348.6762288770934,333.65016347159167,324.5922146941273,351.50373189400295,397.55214047095416,368.00801204732886,308.3950996361896,361.5488664781623
345.0336928924685,330.2712687769781,335.5153970722098,354.3870989642816,371.53317134344417,359.2848347751792,325.7279549601811,353.1271097547181
350.7707040989067,329.31776744371905,339.902273273871,357.9660649386669,376.93257603980857,351.27750460118574,316.6339074369672,358.726681748487
352.5217351229453,331.4153379895093,339.96170725569164,355.1094653188757,373.63176372450675,378.5290358838762,315.50856410191534,360.92845909319635
352.3457391438977,336.7124078864268,340.2324423307044,346.84859305883134,377.7608504505248,385.2982574061418,321.55720526465274,352.7631840029046
365.2883868894578,346.8050618644382,335.9520149881406,342.5383576539956,370.8188947813189,383.7739123601002,318.08620414747315,348.31833371546975
367.6380930140328,372.62612610867166,344.034155478574,332.2386015899332,360.90403692963815,374.6956806953027,332.821213295233,356.7966131704293
372.29109664523503,380.655796666307,354.23341426171436,331.0551294062876,356.9885661682858,366.8640382445917,282.4396202880175,352.1493996655073
370.27397917072244,385.4432298725247,352.6362813243306,323.3551305880562,348.22919284894573,353.31148685605524,296.34307161550703,369.6237472912284
355.83385162320053,382.7196410384496,352.6180762653505,326.95366078623164,361.41256740204005,343.09410545043363,316.9192245981447,363.179923742223
357.74691397131545,365.20263559781745,349.64918795275594,330.98498526877745,375.367203243715,356.7803531959622,325.2130065687071,348.7318999566814
356.0030158458233,345.51192774925727,346.1274109883517,337.9949164469679,381.512870321294,364.7026548677571,318.2090892199427,340.6403436843063
350.69656542031186,329.95500026459257,325.63348760516266,352.0617224947292,387.69729990858144,378.916221333636,346.6381077510456,349.1729932342267
339.18642621638674,329.1359238622265,317.2288831346918,356.83149913160145,371.4413576199412,397.5403258601257,340.4829136291909,348.1375411390923
337.882166427909,328.9108019355375,330.5833335902166,358.11746373135617,370.4573543669798,398.25748614596176,343.96857723541547,354.1725380957371
350.2947953408964,331.27654790257174,336.10515982525766,350.4238098244611,375.514143894298,409.76822841614677,333.72929620921343,354.96536941295034
356.9802946920224,341.00849350284597,340.46666186903906,341.70045426015474,381.75762553580734,406.5551263471052,325.96989088185506,353.4266673923499
365.34096589525615,347.2662790362223,333.9954591363344,337.46765277651303,374.24392152496256,400.3557861735139,336.1004954405103,347.1173471872289
374.929725071991,363.0630481776202,341.7518778351825,328.4266335178897,358.2422221044972,398.3846754782863,336.00392197592464,371.7918714352958
380.3125469638268,387.23577321098554,348.4267690906684,325.10607158205875,349.5306169643512,377.4932620271642,287.7766278598361,374.18769582078824
381.57044758708224,390.646753572692,356.04665402828664,323.51403540573347,349.6482856016978,371.29145357346744,309.5939896246446,368.7181313737973
372.21938292389103,385.9998637455493,349.84888291896783,319.20989001916115,355.7017479904896,348.0839024769151,300.8707837354511,356.6530977557897
377.6332563189415,368.54336093900275,345.47968107113644,331.7602941051194,374.96279965313363,342.3326313195668,337.70121956716656,348.6160176188236
369.7279683474754,341.695203794112,339.68110994201555,338.83484748437445,392.6354584890607,353.4478292803111,335.6584684127671,347.62893279938476
364.68518377751036,331.70725393364165,332.6774321994945,354.6083463936642,408.6513712484937,369.3383389040019,337.2677687771194,345.3776076182992
357.2101891917484,326.2880858905618,342.85049002448784,361.618178165415,409.51431882756424,365.6448601346809,338.33140167493474,348.5635429175922
356.20183219882784,330.0122233275775,344.41021037070107,362.7915327957453,398.45410238483004,366.66139710284267,340.31654542480584,353.9450062033352
357.12044490931066,328.98790004093235,348.5511788362981,357.2754003939655,400.4719640940686,397.2539763549449,338.39946057204367,355.56725085000676
364.9743698515451,343.723159663146,343.8551332394443,342.7233356912092,385.5113201910979,381.5023107574582,330.2197674661697,337.7999391469359
367.3863716242012,365.1672111375893,340.7956762204089,339.08967033824666,366.137942498221,384.1808437171469,330.1069516920955,340.4373871126308
368.4446876471473,377.9948900191186,346.56114326179545,325.875343065654,361.1965244781836,383.5169033900988,337.20478059153277,366.7353251371931
380.30502445915147,381.9162847821845,358.8387788757818,327.5675253169122,358.3422947456657,376.65368477966524,322.8783695484592,361.9471571024817
380.7007933551772,390.4204091131232,357.61711826970947,325.4504925897257,357.83254971094317,353.3800117453524,284.1525433559934,373.64854669494366
363.8530932106425,389.7230878254307,357.06423009972536,326.8576748282746,361.06456355393,349.5735752778765,288.85562102243534,371.23480395350447
365.55263817624535,371.5403652758125,345.0088439582698,334.0213519250372,378.6253165297402,354.42067290729176,324.43719781214224,344.04241033621116
363.15259407352255,353.4445341191965,342.0371968982497,346.6912720888484,396.46514917418307,366.6513670817324,317.6684974052277,344.34399419180806
358.0636349488245,342.8691086699907,336.2191705077518,357.0234068682104,386.7831826119897,387.78522808385947,336.0412225007237,346.90858796017045
359.82537723828614,340.67024819590404,343.03498013558607,358.6832497530445,384.72456781834813,387.8411037398374,338.65679670900147,347.04450679915544
362.35150710876513,332.03934597030735,343.23727129966176,360.06480485219066,378.769433489848,392.9975075599213,340.39810714593665,356.4229951715199
366.30370390760277,327.95062680383626,330.42402995647467,358.1695895020123,382.43981750428276,405.67515422665554,335.0650171018935,368.017938326358
378.2071402376701,339.7129042201686,343.7978020500102,348.17603625442115,380.66800625241007,406.6860304913876,338.11147108944664,375.5192478849546
382.4749786607305,355.4256440835168,347.5499882846159,339.4192881064545,373.3140973639934,418.49843099077196,341.5527820145864,360.4466798346484
390.0061542907155,373.9698197898389,351.264476800271,321.00154762161947,363.6717956805255,396.298577196217,344.34511931846475,362.9539664939578
395.86009582741076,382.6659691986237,358.2558097617792,320.2316606969304,356.38118172808544,392.3900604655253,326.5503839038258,373.9491855053022
389.15356737788414,378.82668999272784,361.55310764189284,319.12785132631547,351.79194333718345,382.98946373464054,312.27430476252914,380.4523313140985
380.62357582933026,371.37960927883034,348.83522902644097,321.6829683833868,359.7390559730821,378.29856842283175,315.8089127278293,377.93049153084684
376.2194052887368,361.25013428341833,347.57811052254965,328.9124239833339,370.9309448222839,363.65028387483477,330.77085171081586,364.1026285738241
365.50719049866706,343.13734322457015,352.89006254432553,340.87588622130033,393.04649634256117,362.28428463591575,337.29505068663974,360.8636414925709
362.6461620330629,334.18349793183074,341.95637215215214,351.0499932757944,413.4926633245353,378.07165853447424,348.52784807376855,357.30595912117315
360.59158434042376,330.2699003138768,335.0938771732969,354.26587207179466,403.7684985324759,374.6024656596046,341.6992574644717,362.3492183176622
365.32563509456867,333.2728472646767,333.56056413004944,355.86131143915037,401.0482680106805,376.40821355425743,342.7345050688944,372.6072294057674
368.5070437969884,333.52770946843515,345.2600654241543,344.507990308293,399.3871671464147,392.2008025045572,341.54128300858844,375.016713945202
372.24206764364345,342.4471695228548,339.17391797641653,336.96087279623436,394.9668116159457,405.0501331364542,338.52986002593815,360.44012552044063
375.35195601493297,358.4232484499332,348.81809546648424,328.8132060017742,384.6627997707177,392.7892365114573,336.58488983924303,338.2056964021855
380.1291694901336,378.50111466111383,356.20828346013144,331.1810797359389,372.6167652986293,390.8697316248083,339.1711958712083,350.693353978464
389.77441641679616,390.1740687563355,359.7536878008058,325.5901697801504,348.86321641593213,397.5169007162555,300.14983800025,377.313337692816
386.86089105144646,394.84686842741513,360.698347037481,332.9551558147398,355.4359479712954,384.13336656770855,309.31910712425093,381.17838285596207
374.73485344199526,391.15741942528035,363.3342704835504,334.2309496256186,362.2437264154502,366.15931899515834,292.6807960644661,368.9766158465874
374.6411386707483,371.1499937534822,343.7171960908929,334.51634989935127,378.9895512417312,370.8346121381081,320.941579399325,362.8014772678791
372.3083215654168,353.74211999124947,346.7650179307278,347.16060805985086,397.837868763657,366.5232882745765,336.8490251964827,364.4994277892623
370.28367965411314,344.3987986297962,333.0368724088463,367.11843825390883,385.6799726411404,379.3717339094551,343.5457396082158,367.3086058444196
364.88530006413635,332.38831323270784,343.8651819161387,360.0538116379691,378.66570887058026,382.6334682377563,334.4003591783522,382.8702079940539
361.64140543068504,336.2917248435285,338.4271054770104,356.25899727944727,380.7098619757082,400.97839532290743,336.7527492202718,383.71570569400956
354.31702711601883,343.8137108982733,349.56365881024357,348.676436415181,382.12945417561457,389.50315007342624,334.8226701922791,379.19066012943074
367.06428318892097,351.45191611525246,347.4936353770512,343.43171340286074,384.7342273600212,414.0813076700712,331.67690712398945,361.9576438451537
374.89349498733367,358.8738882256121,354.2278661969462,338.3550742103072,374.64713093635936,405.5527910928149,340.1047876079308,342.53992297961923
382.97357427381195,365.74609575638493,362.82282441953697,329.1490223441633,360.74357525023936,402.98493731526537,328.94800136765326,363.80756937794416
387.51888759248845,380.08387154256826,359.2961708143601,332.8170748823085,356.0445636999022,392.6245151438812,284.45813005842024,371.8287784401344
393.0628979953923,387.0628304301522,366.21872136374446,331.87188271849783,357.12657529180893,387.94614882641844,295.15577019494344,365.8199828840039
382.1185015466668,387.37595236722655,357.9850651934877,334.7991635680409,369.7867483593134,373.2106192927547,318.20917683235564,367.6314761476183
384.4412705468979,379.5709777707623,356.0656595500463,338.8036980016129,376.53948393895655,371.1710564683226,317.04697326407313,350.1341477493847
385.2037842254496,358.8691459470345,346.74424737636014,359.99514078839,413.1174686398516,361.90249726996456,328.7681871416955,352.85562990421454
382.54217016835435,340.59486037040267,336.57778358313743,377.06478436498884,400.5673637301307,372.14960922005145,348.012105526594,367.09710736054654
381.53641095934836,333.2775781085658,339.5534632254562,376.62814173321146,396.22493471314243,374.0966362505883,343.295990083709,380.86862018202476
379.8847313910685,333.62242970926366,339.0006975228346,365.23759865845705,387.4531537340913,382.77887085365046,357.75266471540544,374.72812888701884
374.1565032414082,344.23350953080285,344.28315289779897,358.5507607354765,395.45730286024263,411.18041848629576,354.1212106835687,368.58175751002676
375.02643185895744,353.3459482943628,350.75943296522513,354.429042666683,408.76649556433244,386.5787325980738,363.1510902720495,356.7204973043361
382.4965472915707,360.2468664662276,352.43274948097337,341.0730905621939,384.22210496835146,393.0051202152751,363.43585444407364,339.74259109042015
388.65079297400877,379.6590160051966,361.26518396350633,335.39763022309046,373.91683916115875,380.2457812727242,354.7054399766419,353.99255342651054
392.63710162921444,389.668097976041,363.32184209262056,329.66004522093874,358.65040887025475,378.0757859709281,315.03438590710897,363.6711815593281
402.9147823033759,391.9719820130127,363.7938142584258,327.97798242612873,365.3929016129463,368.83739386194634,306.4383759784593,369.4681557634573
396.70828609791835,382.9385304046724,364.36270551302385,328.4634084938609,366.67350110221247,363.79770945408734,313.19071908249543,369.4911006761329
394.3042303199178,379.53091566835366,356.116997573782,333.48110662931,385.6321611948482,367.7956742590103,336.7513293408469,367.53862952527373
383.6751292502111,360.44757612931596,351.3075915954382,340.8196694478161,399.09659487785746,371.6470852429184,362.31939280182746,348.3712811744348
376.1327903378162,348.29121778183264,343.7075897390922,350.366904599673,410.06962284783464,375.18710685667116,363.60490743513463,358.4180472796225
372.6225471272264,338.5934598390495,343.907254652971,355.1855078041226,407.96903322153867,369.37305815688427,372.37846556727646,364.7611117941525
370.22124037931405,334.2731162480917,332.607722576885,354.66157174326474,402.4088052739761,385.6197340418587,362.2242700745673,379.828604906564
373.7036127726983,337.7995208223498,343.09758590882655,355.26706195713433,407.64369500236984,398.0080828874897,381.0663527379308,374.317111474393
371.6142124329886,348.18588507087327,343.5092938670962,346.4654683816984,414.7455064315131,407.29970005110965,361.44588545158484,352.00421087193257
373.6126323882632,356.7766348968968,353.44173762557466,342.5643398665358,397.13740023006403,404.33408257818763,372.8755970051343,334.71751186706047
374.68501305131247,374.7630239444675,359.71402302805126,337.67044094161656,370.413615541275,394.0085162574183,351.93761248581393,355.89506924234007
383.69696711061954,385.65810121922635,364.9063071189267,335.4130425870762,362.04187213006907,393.68121329726694,312.0107075517117,378.84599692431715
387.32759727908217,390.5853932097318,366.3306976045915,341.58187294224734,364.9339426294202,388.43357177031567,317.86944321818197,389.32852544623216
385.4113932545749,389.79046222838514,358.7624718209415,346.30709509460183,374.1306947278251,388.1078168967238,322.23407441857023,389.3478397799458
393.6364789833279,385.1101597827177,358.9096194668556,355.1311778173232,400.34280894166096,391.6303443517832,334.3075387858007,363.48292017965946
396.09561564254864,364.4629951636253,357.54544949898246,356.8565704679503,408.5618052674283,391.8079954937272,353.08233061402916,357.38090962606583
395.77007960085564,353.1820770349054,331.09610721309207,359.6244208596341,393.0103865931015,388.35662537716877,350.37929570376195,365.9768643023342
374.70276457448585,346.9203131971535,344.34956505315455,362.1876763311468,385.1576626061525,419.24121048669116,352.32492413095537,367.680812693122
375.80922695879553,336.6597281630159,344.1595164190845,360.6441401281198,382.23088064601546,415.0243249674981,365.2912853628456,373.0631659173414
379.54692356249336,346.8188925196354,352.19419070812614,370.00729256446573,378.0959676295378,430.98040734004326,354.4640854863304,382.4243318925128
382.4218665046501,358.2623768399105,347.79706065128624,354.5139816289665,370.0982126696318,449.243237055341,351.7376721978302,351.70966538323427
390.3644203229563,367.2301145168332,350.5313889384697,347.9024896199702,367.32424787531886,439.94661603747187,317.03083776426286,333.2194953583839
393.4648053756257,382.8636520126214,358.46426353050873,343.07716390309133,360.288028240907,423.9620114646729,325.346596157225,347.5128996253154
401.1379503556261,392.89274812806394,364.703880168312,336.39785848375703,355.42900358673194,404.8594294382318,308.82159470084395,363.16263777950616
400.33635331761116,391.76085481496654,367.51982423331884,337.8657266396567,357.0463800272591,418.48675067070513,275.7726082959822,370.3893964973443
403.8771122911485,389.1190393098628,364.01501793891566,339.2987040218766,372.1390194424875,431.46261411322104,289.8957964852017,370.41909604028547
390.1333548339464,384.1784040761622,359.3322826655483,354.10473526232926,395.89549200751134,429.074312576337,299.12366758362674,365.11849867099517
404.7892974831935,359.6986950487214,359.9767279237742,360.9306539215994,408.5790451322398,441.8656482907491,321.05053303432277,348.18789444385845
380.27247841022,353.83475628286396,328.50974421495,364.5463412818697,405.4088334837628,452.6405570219486,331.77630520561655,348.4604249905793
370.85107740515446,346.68171232502505,332.41329878511107,363.2877206697081,407.12953909490705,429.37646102112467,328.246358303149,364.2007664305421
364.70373974211674,345.3301589992237,347.37871130039633,364.3909264472568,399.27906114391686,462.5378091109341,387.44515949937323,374.1125095279383
372.0047755377891,344.99976627763846,344.67188133310714,364.1951848537193,398.3680538296871,461.10667652233457,390.6427359998426,374.23359447917494
377.01971399646425,354.06289869400956,343.7435625413105,358.0169432236955,391.9439330326792,466.81209360485207,414.89293844962714,354.8444343501355
376.4137493694727,367.17683970422553,352.11819492388554,349.2091425761871,374.303289424901,488.7897397271019,360.08938317302915,350.88823213615024
371.15017290432735,384.0061960627724,358.5937635474152,340.7302049280196,368.0638376109769,430.4190313286784,327.0507590307172,367.85435471126937
381.2367410592395,389.6168140936904,362.7206812250506,342.16533399852,358.0999305493061,420.77803244673925,337.096712734468,375.0564145894003
384.4439412339298,397.4739524554936,363.4200650195829,338.71910649998387,360.7061648602249,402.367853581697,282.84785686539385,374.8102273798793
374.98853296730834,386.31611921723504,366.1190188725623,337.86182083665295,368.5906051654188,389.9157184954935,315.4426333205597,370.0019715901819
382.81654677768404,377.4634917068975,359.8845647566165,351.8236436869336,393.5924872848345,391.8391444311205,318.64396153872565,367.0336696884483
384.55346216685916,364.873588283776,365.21713844896067,356.1542648501818,405.986259515823,386.0396308738789,341.0854310412383,357.5057897438025
382.2156063388432,351.2999083455252,347.58859105674077,363.45871644640556,398.44436314913173,406.424554702512,378.2461466475375,359.84090283875565
376.976442183676,341.6480915826279,348.09789124647347,366.2309569349508,402.1305694950903,427.5794496324673,390.4239535114556,375.8869125764445
383.84039795352345,344.62513879840037,345.3830362094886,362.30644891740866,408.31740819835386,446.63987248568003,399.7988107206749,383.5038471980152
385.885888277375,340.7518166706317,346.5807435826832,366.1727447393982,410.32313691067384,446.7082129946042,389.34884281344,382.26523142763955
390.40870722422903,343.44852257954744,352.01997507712235,359.275780975854,404.03846595531115,470.302276748051,395.7896222646004,356.97436563791166
393.472160014969,358.4901573189637,354.9758670556987,345.1175102281607,401.0067250901074,476.4043745413992,395.5813294305802,342.35489846825266
405.2089959052739,376.71045592861464,356.24146262250486,340.6557860392729,377.18741110656305,447.43861070835715,352.503539850195,348.1832397250599
425.06064517314485,397.5255098311616,362.4178726350672,341.6766971248349,367.6221836962354,442.600695682782,329.2836384552071,375.9873739520642
411.6493647611202,398.1424437411899,366.9767198336354,337.6161418293782,363.6863075231275,425.27345785503417,327.84981802113913,392.0283861036489
397.6987804329551,388.4035881769403,373.0505688556868,339.07144949210243,376.2962649109479,401.44946671349703,317.70699883274096,387.71112040272726
401.5415511903781,381.48864777627267,361.0225902639976,344.3456163564165,397.7022589303899,381.9504884452802,323.53145204641754,392.5161552566683
400.25979064160293,359.97376280729554,362.04307873688344,357.163012501732,409.21038825658684,390.59993864078274,378.3847433665913,360.3366775709509
393.92514488133656,349.81231191784656,345.77002999999127,360.65759558220367,401.191693320425,393.20808412069175,388.03173155585927,358.151262824816
390.08534947351194,339.73472061845916,346.50464524389827,347.186079110238,395.8216757459813,402.0301095060906,397.9867932687799,365.40825981611346
385.81770239016106,338.16400722313216,350.78130093151924,349.1711326260251,402.7542867239652,402.4053306260713,381.7173507757481,370.3556925833888
389.203688795512,348.5209230587345,352.5069858743569,347.9215567150617,413.69955205989305,414.4339972455528,387.6857935432201,368.29645276423787
388.64324576176193,360.2440770896418,354.10904745634923,342.95566941136525,411.9775106886725,417.6688385022809,401.20131484109436,354.07472629915446
393.1396981682577,366.3757269795557,360.6820447158823,351.7710905871639,407.7915496881262,423.83974523719303,388.93610982635045,339.15262993694336
400.92259543878026,387.20924540749843,359.3873599211906,340.78964479770053,377.40065771863135,412.5580741193917,359.00706620485477,369.3049964998103
402.6874775279316,414.21019617986167,362.021791482637,336.6498589973901,367.8304496062294,394.9757210745733,341.061640270374,387.29924244625704
403.1619464366066,431.3299836662963,367.2042885866118,339.2971901910376,366.44732850602054,398.1270068399627,327.69614759514127,389.0782229941911
393.8068570261749,434.24134832140385,370.8003735323872,342.29535360889804,371.60216446765435,385.2297437087687,348.3873179250493,381.58767681178887
392.4446478331901,405.4403841928409,361.03577767763716,345.3697145807704,386.2445999105673,385.35443414282815,362.91479971152665,376.5168333400465
390.2588296840975,383.5212679692841,364.33793460078755,362.0626554673175,412.71467119658587,382.9787551271818,407.46046677422413,363.25798117965
394.8910147767476,360.95533404686114,337.1132269061911,364.02751287871706,411.3168288201911,399.1736051908223,396.0937135531358,360.7891152794376
396.54338555506354,347.87052005568546,356.7799951288658,367.4010528624795,403.6551079581899,390.2291880832961,398.00952285262093,366.98633103410907
391.02966258928905,339.8599492905038,347.04874438373344,384.0780587292053,405.2737806767964,403.4254093961705,399.83377176985374,377.52389487331806
392.26358570878335,343.5163963988035,357.76540159466344,387.9220432858542,413.94549213819187,405.82118049143315,387.7115048136343,380.21796602362025
388.8504472852494,354.9284424351617,358.52068852396263,371.2979846920638,425.36844825256856,430.516323375464,385.06645489008747,362.33955249305006
397.5975076125821,368.78987454444126,366.550505125737,371.5076930541951,414.11088377917196,419.3219858041165,405.4423624511776,348.01800420224214
398.84323701942895,383.92345242384874,367.89386565324025,348.52173384441124,383.66592106479465,413.44848392490775,337.30602762418795,359.52374759699927
426.8739161655005,411.4041305506543,368.12574514879157,345.98313090680017,371.7143939254957,410.9505845421526,297.6806960939755,376.5479931691193
437.2346137907172,432.81400559042333,377.86981988082937,345.9813042145433,362.7088766831945,401.0809223655411,309.32898123327766,367.89179863391246
395.9771665951227,417.229945840417,379.5776756516609,343.7456085521567,372.9402129509599,380.8573427454753,321.9713741844134,373.1207475209414
385.2829835214577,387.45280094106204,368.94124351769403,360.0242862534481,385.73136912649494,362.2656897573956,359.7904037345639,371.1453094566177
381.14813548644656,374.1036880137287,364.49816462704104,372.8395167389412,410.3540487794781,362.56917079492456,396.6946448060358,366.22090639777764
381.378981957864,359.9664790545975,347.53288291719946,375.2446467081373,409.6604650129821,373.6897257050836,388.91438051731905,366.11744539470686
378.704567799531,353.41098789328004,354.84405947924876,393.36730295881296,406.62077487372704,368.2552543117937,386.76476278147675,372.9883393690273
382.01505395773165,347.52223332471686,355.13024269000516,397.35398540749907,406.3966031178024,372.37227867913566,380.2069584219249,374.5036970657677
379.1247323391758,348.4530762828616,344.30034410127155,387.42118134580085,411.4530482785122,420.30722096733757,388.82096236353004,378.21001411350073
377.33672538815125,359.4887303586809,365.97278155408713,381.10207571668195,418.7825533400018,413.45084749087783,387.8722705176222,359.3636649161316
376.94642923395963,378.8233300195157,368.25365922593255,370.35348877510984,404.90023007481517,404.07982007854446,406.110995543711,343.6859078506977
380.3784446333347,399.48408476863585,368.1277129455459,362.2558951308335,399.252477363113,394.3001309694164,352.9079206288841,357.93144709394124
395.35104520758046,408.7710350369548,368.9740035980802,353.47433682224244,376.1689695305386,395.08552543896644,332.21553083917036,382.7959198791465
386.2227486836575,409.7568524450503,375.15638852359194,351.9743160224147,376.8738184291984,388.85080927137716,318.4297824981587,405.7721455277178
369.1700623232459,413.59042320027766,373.86079848098643,361.810115967539,380.1208126144903,374.7206795632326,340.6422255295133,384.70435326908074
375.5230880807539,388.89841152714513,371.7408538319426,361.6807953792573,411.30682487302255,375.57265089288865,399.64662072728277,375.7451855247398
379.9245631196975,385.28391015056184,365.5126066641266,370.76067599843714,407.91186004154525,379.1861375709292,376.6156297772715,365.6761358711657
382.9303116839656,357.08083134188223,348.4829246398167,370.98665293144876,392.2923097005416,387.438874951064,370.2251121453029,366.5717837924322
375.7110566082675,358.5859390570581,347.92394863085354,374.7052104127008,388.2857730024046,391.9354394774333,362.3626296087733,367.8713646088721
388.27813033818336,354.10567522184493,372.76636605811217,371.3982680871331,398.8301003152625,409.9094528383959,363.9348511365936,375.7358728936456
388.7026052123404,361.20237522872543,364.7572952419166,367.3592357387959,410.67062724525397,432.70234997260684,370.9365127187232,369.0555852536826
393.19159906934874,370.7384188063006,367.1520082923131,362.83813350017505,413.19570886780957,423.3435513212176,388.27968754532253,354.2237315694404
392.0642928147871,378.60937686225736,369.7810923698872,355.4048051658676,412.3660973296825,421.58204578799996,389.96628961925853,359.59635091292375
401.812592485904,394.86276901120175,372.98303753581484,366.1322562089156,378.35072101330474,405.91800017361015,362.4668747933922,387.0291600509324
408.7948035064244,407.5893772695464,371.95421360064137,346.428102300978,377.4288822968358,406.4604093880392,340.44538315256574,395.9307070122612
408.64912016891265,404.97597598198917,374.2777697971672,350.6219270395024,373.08806572194936,393.6719281412256,329.0372678356594,399.0808748715745
397.0751575131823,408.3988061814753,380.5252775952296,353.6306790953819,387.9737954638906,388.0793755949064,383.64542217451543,388.8345432741684
393.7229165509545,380.3951583986276,369.33339034500557,356.5153625448137,420.78100541289405,384.4287282439297,386.9935065628166,384.0583284271803
403.8656478157489,373.3995227735919,367.43446193669365,365.66944925766376,413.72075948324,392.70230517545633,379.9549401810998,383.5483261879175
399.74187139591277,357.4342281781782,363.371459046385,373.47937381394945,410.037805575958,396.61093817762196,374.0811155181464,374.8538369652823
